{"cameraMode":{"drawMode":0,"name":"Shaded","section":"Shading Mode"},"sceneLighting":true,"audioPlay":false,"sceneViewState":{"m_AlwaysRefresh":false,"showFog":true,"showSkybox":true,"showFlares":true,"showImageEffects":true,"showParticleSystems":true,"showVisualEffectGraphs":true,"m_FxEnabled":true},"in2DMode":false,"pivot":{"x":-2.961498975753784,"y":-7.833287715911865,"z":-17.845224380493165},"rotation":{"x":-0.0005458234227262437,"y":-0.9729690551757813,"z":0.2313062697649002,"w":-0.004501766990870237},"size":11.363300323486329,"orthographic":false}